﻿<ImageComposition xsi:noNamespaceSchemaLocation="https://www.skraper.net/ImageComposition.xsd" xmlns:xsi="http://www.w3.org/2001/XMLSchema-instance">
  <Information ShortName="diag_mix" LongName="diagonal window Mix" Description="blurry zoomed screenshot at the back, diagonal window + wheel on front mix" Author="abytron" />
  <Viewport Color="#00FFFFFF" Width="640" Height="480" />
  <Drawings>
  <Item Type="Include" LocalFilePath="diag_include_mix_back.xml">
      <Display Effect="BlackAndWhite" X="46%" Y="50%" Transparency="0.5" Antialiasing="Medium" Width="200%" Height="200%" Anchor="VCenterHCenter" />
  </Item>

  <Item Type="LocalFile" LocalFilePath="BlackGradientShadow-bordered.png">
			<Display X="55%" Y="50%" Width="720" Height="480" KeepRatio="false" Anchor="VCenterHCenter" Antialiasing="Medium" Transparency="0.25"/>
	</Item>

<Item Type="LocalFile" LocalFilePath="black_220x500.png">
      <Display X="80%" Y="50%" Anchor="VCenterHCenter" Antialiasing="High" Height="120%" KeepRatio="true" />
	  <Rotation XOffset="0%" YOffset="0%" Angle="10.0" />
    </Item>
	
	<Item Type="Include" LocalFilePath="diag_include_mix.xml">
      <Display X="80%" Y="50%" Anchor="VCenterHCenter" Height="120%" KeepRatio="true" />
	  <Rotation XOffset="0%" YOffset="0%" Angle="10.0" />
    </Item>

    <Item Type="Wheel">
      <Display X="72%" Y="50%" Width="48%" Anchor="VCenterHCenter"/>
    </Item>
  </Drawings>
</ImageComposition>
