<ImageComposition xsi:noNamespaceSchemaLocation="https://www.skraper.net/ImageComposition.xsd" xmlns:xsi="http://www.w3.org/2001/XMLSchema-instance">
  <Information ShortName="inc_window_mix" LongName="include window Mix" Description="included window for diagonal mix" Author="abytron" />
  <Viewport Color="#00FFFFFF" Width="200" Height="500" />
  <Drawings>
  <Item Type="Screenshot">
      <Display X="50%" Y="57%" Width="300%" Height="100%" Anchor="VCenterHCenter" />
	  <Rotation XOffset="0%" YOffset="0%" Angle="-10.0" />
    </Item>
	
  </Drawings>
</ImageComposition>